{
  "total_goals": {
    "MAE": 1.4145061284407505,
    "RMSE": 1.7612449947185203
  },
  "total_cards": {
    "MAE": 1.9077355624906693,
    "RMSE": 2.3467709476757435
  },
  "total_corners": {
    "MAE": 2.9643049854850103,
    "RMSE": 3.794744245539005
  },
  "total_offsides": {
    "MAE": 0.0,
    "RMSE": 0.0
  }
}